inventory_id,product_id,stock_quantity,reorder_level,warehouse_location,last_restock_date
I0001,P0001,501,86,Delhi,29-08-2025
I0002,P0002,429,71,Bhopal,14-04-2025
I0003,P0003,487,52,Mumbai,11-02-2025
I0004,P0004,787,67,Delhi,09-07-2025
I0005,P0005,352,96,Pune,28-01-2025
I0006,P0006,772,111,Pune,24-07-2025
I0007,P0007,233,84,Indore,22-05-2025
I0008,P0008,457,51,Indore,21-04-2025
I0009,P0009,689,52,Indore,26-07-2025
I0010,P0010,358,30,Indore,27-07-2025
I0011,P0011,705,64,Delhi,03-03-2025
I0012,P0012,177,100,Pune,17-07-2025
I0013,P0013,773,108,Indore,14-05-2025
I0014,P0014,122,88,Pune,14-07-2025
I0015,P0015,125,56,Pune,25-02-2025
I0016,P0016,189,24,Mumbai,02-08-2025
I0017,P0017,504,77,Indore,10-03-2025
I0018,P0018,108,26,Pune,26-02-2025
I0019,P0019,668,25,Bhopal,15-02-2025
I0020,P0020,85,38,Pune,03-05-2025
I0021,P0021,285,97,Pune,27-01-2025
I0022,P0022,128,88,Mumbai,15-02-2025
I0023,P0023,377,92,Bhopal,13-04-2025
I0024,P0024,59,92,Delhi,29-01-2025
I0025,P0025,692,44,Delhi,15-04-2025
I0026,P0026,152,102,Mumbai,14-02-2025
I0027,P0027,372,46,Bhopal,14-05-2025
I0028,P0028,244,55,Indore,03-08-2025
I0029,P0029,105,88,Pune,29-04-2025
I0030,P0030,582,111,Pune,07-03-2025
I0031,P0031,503,40,Indore,23-07-2025
I0032,P0032,563,99,Mumbai,21-08-2025
I0033,P0033,771,99,Delhi,09-02-2025
I0034,P0034,16,80,Delhi,16-04-2025
I0035,P0035,779,24,Delhi,08-03-2025
I0036,P0036,571,107,Indore,08-03-2025
I0037,P0037,695,24,Bhopal,07-03-2025
I0038,P0038,632,42,Indore,14-07-2025
I0039,P0039,532,60,Delhi,21-07-2025
I0040,P0040,31,52,Indore,08-04-2025
I0041,P0041,143,117,Indore,28-02-2025
I0042,P0042,215,117,Indore,04-03-2025
I0043,P0043,357,20,Mumbai,29-05-2025
I0044,P0044,453,75,Bhopal,29-03-2025
I0045,P0045,474,55,Mumbai,02-04-2025
I0046,P0046,179,53,Bhopal,09-01-2025
I0047,P0047,252,87,Pune,25-02-2025
I0048,P0048,693,104,Pune,06-02-2025
I0049,P0049,179,59,Delhi,22-03-2025
I0050,P0050,533,64,Delhi,02-04-2025
I0051,P0051,445,51,Pune,22-03-2025
I0052,P0052,780,51,Indore,20-01-2025
I0053,P0053,768,117,Delhi,17-08-2025
I0054,P0054,215,106,Pune,02-08-2025
I0055,P0055,93,114,Indore,18-06-2025
I0056,P0056,402,118,Mumbai,06-08-2025
I0057,P0057,500,39,Bhopal,15-02-2025
I0058,P0058,95,116,Indore,05-06-2025
I0059,P0059,745,40,Pune,23-01-2025
I0060,P0060,223,66,Indore,15-03-2025
I0061,P0061,592,73,Bhopal,22-08-2025
I0062,P0062,324,60,Bhopal,03-04-2025
I0063,P0063,276,45,Indore,21-06-2025
I0064,P0064,749,51,Indore,03-01-2025
I0065,P0065,231,80,Pune,28-06-2025
I0066,P0066,277,120,Pune,29-05-2025
I0067,P0067,170,64,Pune,28-04-2025
I0068,P0068,439,26,Bhopal,22-06-2025
I0069,P0069,583,20,Indore,20-04-2025
I0070,P0070,498,95,Delhi,28-08-2025
I0071,P0071,275,59,Delhi,27-01-2025
I0072,P0072,779,37,Pune,19-02-2025
I0073,P0073,381,82,Indore,07-07-2025
I0074,P0074,436,51,Indore,31-07-2025
I0075,P0075,470,51,Bhopal,10-07-2025
I0076,P0076,767,110,Mumbai,06-05-2025
I0077,P0077,483,20,Bhopal,30-06-2025
I0078,P0078,480,54,Pune,23-06-2025
I0079,P0079,655,56,Bhopal,28-07-2025
I0080,P0080,158,22,Indore,08-05-2025
I0081,P0081,514,104,Mumbai,28-07-2025
I0082,P0082,417,47,Bhopal,28-02-2025
I0083,P0083,121,65,Delhi,29-06-2025
I0084,P0084,277,52,Indore,16-03-2025
I0085,P0085,226,59,Bhopal,12-08-2025
I0086,P0086,503,44,Delhi,12-08-2025
I0087,P0087,659,95,Delhi,11-08-2025
I0088,P0088,313,23,Mumbai,30-07-2025
I0089,P0089,594,57,Bhopal,23-07-2025
I0090,P0090,370,51,Indore,26-03-2025
I0091,P0091,475,73,Pune,26-06-2025
I0092,P0092,589,41,Pune,05-02-2025
I0093,P0093,798,113,Bhopal,10-03-2025
I0094,P0094,599,93,Mumbai,12-02-2025
I0095,P0095,786,35,Mumbai,03-01-2025
I0096,P0096,787,115,Bhopal,23-07-2025
I0097,P0097,228,33,Bhopal,17-07-2025
I0098,P0098,38,92,Indore,09-06-2025
I0099,P0099,81,41,Indore,30-01-2025
I0100,P0100,599,32,Pune,30-04-2025
I0101,P0101,247,105,Pune,30-04-2025
I0102,P0102,44,74,Mumbai,03-04-2025
I0103,P0103,60,119,Pune,19-05-2025
I0104,P0104,694,117,Bhopal,21-06-2025
I0105,P0105,256,75,Indore,09-07-2025
I0106,P0106,581,23,Pune,23-07-2025
I0107,P0107,694,118,Delhi,28-07-2025
I0108,P0108,657,118,Delhi,20-01-2025
I0109,P0109,738,56,Mumbai,06-09-2025
I0110,P0110,482,69,Mumbai,12-06-2025
I0111,P0111,507,80,Mumbai,04-03-2025
I0112,P0112,350,54,Mumbai,31-05-2025
I0113,P0113,22,108,Pune,25-08-2025
I0114,P0114,7,30,Mumbai,09-04-2025
I0115,P0115,431,102,Mumbai,07-02-2025
I0116,P0116,610,21,Pune,02-06-2025
I0117,P0117,407,21,Pune,16-03-2025
I0118,P0118,210,109,Bhopal,01-09-2025
I0119,P0119,536,31,Indore,07-09-2025
I0120,P0120,688,96,Bhopal,24-02-2025
I0121,P0121,417,61,Delhi,29-08-2025
I0122,P0122,506,50,Delhi,18-01-2025
I0123,P0123,367,23,Bhopal,15-06-2025
I0124,P0124,283,101,Delhi,20-05-2025
I0125,P0125,160,28,Indore,20-01-2025
I0126,P0126,750,112,Pune,23-05-2025
I0127,P0127,146,62,Delhi,23-05-2025
I0128,P0128,292,58,Bhopal,16-08-2025
I0129,P0129,689,78,Bhopal,07-06-2025
I0130,P0130,63,78,Indore,05-09-2025
I0131,P0131,712,95,Pune,29-05-2025
I0132,P0132,419,49,Mumbai,19-03-2025
I0133,P0133,456,99,Bhopal,11-06-2025
I0134,P0134,427,40,Indore,20-02-2025
I0135,P0135,244,20,Pune,20-05-2025
I0136,P0136,438,30,Delhi,02-03-2025
I0137,P0137,171,30,Delhi,30-08-2025
I0138,P0138,413,117,Bhopal,02-06-2025
I0139,P0139,668,85,Delhi,11-06-2025
I0140,P0140,407,65,Delhi,15-04-2025
I0141,P0141,533,45,Pune,04-06-2025
I0142,P0142,142,45,Mumbai,17-04-2025
I0143,P0143,666,43,Bhopal,23-06-2025
I0144,P0144,259,73,Mumbai,02-08-2025
I0145,P0145,752,58,Indore,22-06-2025
I0146,P0146,647,32,Pune,13-07-2025
I0147,P0147,513,55,Mumbai,09-04-2025
I0148,P0148,552,55,Bhopal,23-04-2025
I0149,P0149,458,112,Delhi,18-03-2025
I0150,P0150,617,88,Mumbai,26-01-2025
I0151,P0151,448,85,Delhi,23-05-2025
I0152,P0152,608,60,Indore,10-05-2025
I0153,P0153,631,43,Delhi,14-07-2025
I0154,P0154,38,27,Delhi,28-01-2025
I0155,P0155,454,58,Mumbai,03-05-2025
I0156,P0156,292,75,Indore,09-03-2025
I0157,P0157,657,46,Delhi,31-07-2025
I0158,P0158,148,44,Delhi,08-03-2025
I0159,P0159,479,114,Delhi,11-07-2025
I0160,P0160,384,50,Bhopal,11-02-2025
I0161,P0161,747,34,Pune,11-04-2025
I0162,P0162,398,99,Indore,22-02-2025
I0163,P0163,381,52,Delhi,03-04-2025
I0164,P0164,23,48,Delhi,03-06-2025
I0165,P0165,130,90,Indore,07-04-2025
I0166,P0166,116,51,Mumbai,18-02-2025
I0167,P0167,50,90,Bhopal,09-03-2025
I0168,P0168,295,88,Bhopal,26-03-2025
I0169,P0169,687,110,Indore,29-01-2025
I0170,P0170,543,45,Mumbai,07-09-2025
I0171,P0171,625,64,Indore,23-03-2025
I0172,P0172,71,74,Indore,16-04-2025
I0173,P0173,77,74,Indore,14-08-2025
I0174,P0174,390,118,Pune,12-03-2025
I0175,P0175,376,100,Delhi,31-08-2025
I0176,P0176,153,91,Indore,01-06-2025
I0177,P0177,587,115,Bhopal,28-02-2025
I0178,P0178,632,61,Indore,07-06-2025
I0179,P0179,571,57,Mumbai,15-08-2025
I0180,P0180,472,42,Pune,14-08-2025
I0181,P0181,531,50,Indore,29-08-2025
I0182,P0182,263,105,Mumbai,07-09-2025
I0183,P0183,65,85,Mumbai,23-04-2025
I0184,P0184,616,27,Delhi,31-07-2025
I0185,P0185,464,107,Indore,09-04-2025
I0186,P0186,237,100,Mumbai,08-09-2025
I0187,P0187,245,61,Mumbai,12-07-2025
I0188,P0188,260,23,Bhopal,24-06-2025
I0189,P0189,93,83,Indore,06-04-2025
I0190,P0190,116,59,Mumbai,04-05-2025
I0191,P0191,141,48,Mumbai,20-03-2025
I0192,P0192,731,68,Indore,03-01-2025
I0193,P0193,379,29,Bhopal,02-04-2025
I0194,P0194,125,66,Mumbai,12-03-2025
I0195,P0195,213,57,Mumbai,01-05-2025
I0196,P0196,131,31,Indore,01-05-2025
I0197,P0197,146,21,Bhopal,16-05-2025
I0198,P0198,236,20,Bhopal,23-06-2025
I0199,P0199,569,90,Bhopal,10-08-2025
I0200,P0200,435,44,Bhopal,16-05-2025
I0201,P0201,83,107,Bhopal,19-08-2025
I0202,P0202,66,71,Bhopal,15-05-2025
I0203,P0203,395,65,Pune,14-08-2025
I0204,P0204,355,30,Delhi,29-04-2025
I0205,P0205,563,29,Pune,06-07-2025
I0206,P0206,800,85,Mumbai,06-05-2025
I0207,P0207,590,85,Bhopal,21-08-2025
I0208,P0208,625,55,Mumbai,13-03-2025
I0209,P0209,196,103,Bhopal,23-07-2025
I0210,P0210,341,104,Mumbai,06-04-2025
I0211,P0211,611,97,Indore,24-04-2025
I0212,P0212,301,37,Indore,12-04-2025
I0213,P0213,363,22,Pune,05-06-2025
I0214,P0214,344,86,Pune,22-01-2025
I0215,P0215,394,26,Bhopal,22-01-2025
I0216,P0216,189,56,Mumbai,01-09-2025
I0217,P0217,780,43,Delhi,03-07-2025
I0218,P0218,359,25,Mumbai,25-05-2025
I0219,P0219,522,38,Bhopal,25-02-2025
I0220,P0220,483,116,Pune,04-01-2025
I0221,P0221,505,116,Delhi,14-01-2025
I0222,P0222,165,31,Indore,02-01-2025
I0223,P0223,155,53,Mumbai,01-04-2025
I0224,P0224,90,47,Bhopal,20-08-2025
I0225,P0225,131,30,Delhi,07-08-2025
I0226,P0226,120,56,Indore,26-05-2025
I0227,P0227,238,109,Delhi,11-01-2025
I0228,P0228,96,67,Mumbai,27-05-2025
I0229,P0229,752,39,Mumbai,13-08-2025
I0230,P0230,120,89,Bhopal,12-07-2025
I0231,P0231,639,95,Mumbai,15-07-2025
I0232,P0232,136,49,Mumbai,10-04-2025
I0233,P0233,548,68,Pune,13-06-2025
I0234,P0234,459,78,Delhi,11-05-2025
I0235,P0235,325,116,Delhi,08-05-2025
I0236,P0236,126,63,Delhi,19-08-2025
I0237,P0237,444,33,Pune,17-06-2025
I0238,P0238,454,91,Pune,30-01-2025
I0239,P0239,129,115,Indore,27-02-2025
I0240,P0240,757,72,Mumbai,27-02-2025
I0241,P0241,793,45,Pune,27-04-2025
I0242,P0242,57,27,Mumbai,15-01-2025
I0243,P0243,188,27,Indore,08-07-2025
I0244,P0244,761,27,Pune,26-02-2025
I0245,P0245,675,104,Indore,10-04-2025
I0246,P0246,624,35,Mumbai,12-08-2025
I0247,P0247,195,35,Pune,18-05-2025
I0248,P0248,639,73,Indore,11-04-2025
I0249,P0249,41,34,Indore,05-02-2025
I0250,P0250,126,28,Pune,27-04-2025
I0251,P0251,425,76,Pune,06-06-2025
I0252,P0252,269,102,Mumbai,09-02-2025
I0253,P0253,18,68,Delhi,17-02-2025
I0254,P0254,281,84,Indore,12-03-2025
I0255,P0255,387,26,Delhi,17-03-2025
I0256,P0256,572,53,Mumbai,09-04-2025
I0257,P0257,667,70,Bhopal,26-03-2025
I0258,P0258,270,107,Mumbai,21-06-2025
I0259,P0259,161,107,Pune,23-01-2025
I0260,P0260,219,100,Bhopal,09-03-2025
I0261,P0261,320,75,Indore,29-07-2025
I0262,P0262,655,79,Delhi,22-02-2025
I0263,P0263,120,44,Pune,16-06-2025
I0264,P0264,315,44,Mumbai,20-05-2025
I0265,P0265,662,103,Delhi,15-06-2025
I0266,P0266,76,70,Delhi,22-03-2025
I0267,P0267,305,55,Mumbai,31-08-2025
I0268,P0268,792,80,Bhopal,01-04-2025
I0269,P0269,430,83,Delhi,05-09-2025
I0270,P0270,695,59,Bhopal,05-01-2025
I0271,P0271,164,29,Indore,07-07-2025
I0272,P0272,729,77,Mumbai,22-05-2025
I0273,P0273,359,98,Delhi,22-05-2025
I0274,P0274,391,56,Bhopal,05-08-2025
I0275,P0275,374,44,Mumbai,04-07-2025
I0276,P0276,228,104,Pune,25-04-2025
I0277,P0277,111,34,Pune,21-07-2025
I0278,P0278,459,23,Delhi,13-02-2025
I0279,P0279,721,115,Delhi,06-02-2025
I0280,P0280,763,49,Delhi,01-07-2025
I0281,P0281,31,49,Pune,04-03-2025
I0282,P0282,714,54,Delhi,29-08-2025
I0283,P0283,716,52,Mumbai,24-01-2025
I0284,P0284,786,94,Delhi,09-02-2025
I0285,P0285,194,57,Mumbai,14-05-2025
I0286,P0286,787,56,Indore,10-08-2025
I0287,P0287,751,28,Delhi,16-07-2025
I0288,P0288,642,56,Delhi,28-07-2025
I0289,P0289,37,53,Pune,11-05-2025
I0290,P0290,417,71,Bhopal,14-06-2025
I0291,P0291,158,53,Bhopal,07-07-2025
I0292,P0292,-6,67,Pune,07-07-2025
I0293,P0293,641,114,Pune,07-07-2025
I0294,P0294,271,21,Mumbai,25-01-2025
I0295,P0295,73,92,Delhi,12-01-2025
I0296,P0296,164,119,Bhopal,18-02-2025
I0297,P0297,57,26,Mumbai,14-07-2025
I0298,P0298,159,64,Bhopal,21-06-2025
I0299,P0299,423,37,Delhi,13-07-2025
I0300,P0300,510,84,Bhopal,01-04-2025
I0301,P0301,43,78,Delhi,05-05-2025
I0302,P0302,475,29,Delhi,09-04-2025
I0303,P0303,555,54,Delhi,09-01-2025
I0304,P0304,380,31,Bhopal,09-01-2025
I0305,P0305,102,78,Indore,06-06-2025
I0306,P0306,347,41,Bhopal,18-05-2025
I0307,P0307,241,24,Pune,27-03-2025
I0308,P0308,21,75,Bhopal,22-07-2025
I0309,P0309,770,31,Mumbai,14-04-2025
I0310,P0310,237,109,Delhi,07-07-2025
I0311,P0311,578,77,Delhi,23-02-2025
I0312,P0312,154,97,Delhi,20-03-2025
I0313,P0313,482,29,Pune,20-04-2025
I0314,P0314,215,81,Mumbai,17-02-2025
I0315,P0315,98,107,Delhi,14-06-2025
I0316,P0316,383,83,Pune,28-04-2025
I0317,P0317,296,80,Indore,28-04-2025
I0318,P0318,55,59,Indore,29-04-2025
I0319,P0319,448,105,Mumbai,07-04-2025
I0320,P0320,382,110,Delhi,10-08-2025
I0321,P0321,578,51,Indore,10-08-2025
I0322,P0322,634,27,Mumbai,15-07-2025
I0323,P0323,155,20,Delhi,02-01-2025
I0324,P0324,196,120,Mumbai,10-02-2025
I0325,P0325,545,114,Bhopal,10-03-2025
I0326,P0326,755,100,Bhopal,13-01-2025
I0327,P0327,545,117,Indore,02-08-2025
I0328,P0328,218,79,Delhi,02-08-2025
I0329,P0329,199,55,Mumbai,09-03-2025
I0330,P0330,108,55,Mumbai,20-08-2025
I0331,P0331,142,55,Pune,26-08-2025
I0332,P0332,263,83,Pune,19-04-2025
I0333,P0333,465,89,Indore,19-02-2025
I0334,P0334,388,89,Indore,25-06-2025
I0335,P0335,238,49,Bhopal,23-01-2025
I0336,P0336,537,83,Mumbai,15-03-2025
I0337,P0337,717,51,Bhopal,28-05-2025
I0338,P0338,626,107,Pune,10-02-2025
I0339,P0339,526,103,Bhopal,23-02-2025
I0340,P0340,656,48,Indore,09-03-2025
I0341,P0341,598,57,Mumbai,30-04-2025
I0342,P0342,436,102,Indore,12-07-2025
I0343,P0343,337,80,Pune,04-02-2025
I0344,P0344,404,97,Bhopal,10-08-2025
I0345,P0345,137,42,Mumbai,29-08-2025
I0346,P0346,763,118,Delhi,26-06-2025
I0347,P0347,751,87,Indore,15-04-2025
I0348,P0348,536,111,Indore,15-04-2025
I0349,P0349,74,38,Bhopal,19-01-2025
I0350,P0350,715,98,Bhopal,19-01-2025
I0351,P0351,351,98,Mumbai,13-05-2025
I0352,P0352,367,79,Bhopal,13-05-2025
I0353,P0353,767,96,Mumbai,24-04-2025
I0354,P0354,737,92,Delhi,16-03-2025
I0355,P0355,237,66,Mumbai,02-01-2025
I0356,P0356,728,65,Delhi,16-01-2025
I0357,P0357,596,31,Indore,17-03-2025
I0358,P0358,428,93,Pune,06-04-2025
I0359,P0359,113,74,Indore,06-07-2025
I0360,P0360,612,112,Delhi,15-03-2025
I0361,P0361,492,67,Delhi,23-07-2025
I0362,P0362,613,78,Indore,19-03-2025
I0363,P0363,194,100,Indore,16-05-2025
I0364,P0364,400,34,Pune,23-02-2025
I0365,P0365,390,118,Pune,11-04-2025
I0366,P0366,153,91,Mumbai,01-09-2025
I0367,P0367,435,31,Pune,16-02-2025
I0368,P0368,553,91,Pune,15-04-2025
I0369,P0369,740,99,Pune,15-04-2025
I0370,P0370,554,89,Bhopal,23-01-2025
I0371,P0371,114,34,Delhi,03-02-2025
I0372,P0372,502,102,Delhi,25-01-2025
I0373,P0373,144,78,Pune,28-04-2025
I0374,P0374,55,72,Mumbai,28-07-2025
I0375,P0375,147,82,Indore,12-07-2025
I0376,P0376,20,61,Pune,25-06-2025
I0377,P0377,375,72,Mumbai,02-04-2025
I0378,P0378,777,54,Indore,14-03-2025
I0379,P0379,466,87,Bhopal,26-06-2025
I0380,P0380,254,25,Delhi,03-02-2025
I0381,P0381,91,80,Indore,03-02-2025
I0382,P0382,106,45,Indore,01-02-2025
I0383,P0383,267,101,Delhi,04-03-2025
I0384,P0384,271,27,Bhopal,01-06-2025
I0385,P0385,149,34,Mumbai,01-06-2025
I0386,P0386,683,47,Indore,16-04-2025
I0387,P0387,137,79,Indore,12-03-2025
I0388,P0388,769,58,Pune,08-02-2025
I0389,P0389,50,72,Bhopal,21-03-2025
I0390,P0390,27,41,Pune,31-07-2025
I0391,P0391,701,26,Pune,13-06-2025
I0392,P0392,777,92,Indore,22-04-2025
I0393,P0393,728,102,Pune,20-08-2025
I0394,P0394,753,44,Delhi,21-06-2025
I0395,P0395,590,95,Pune,28-06-2025
I0396,P0396,691,62,Indore,04-07-2025
I0397,P0397,796,22,Mumbai,20-06-2025
I0398,P0398,799,21,Bhopal,07-05-2025
I0399,P0399,483,24,Pune,21-04-2025
I0400,P0400,75,22,Bhopal,06-05-2025
I0401,P0401,83,112,Pune,27-08-2025
I0402,P0402,772,110,Indore,27-07-2025
I0403,P0403,608,83,Indore,19-03-2025
I0404,P0404,98,109,Delhi,22-03-2025
I0405,P0405,371,24,Mumbai,27-02-2025
I0406,P0406,273,56,Mumbai,24-07-2025
I0407,P0407,409,101,Indore,19-03-2025
I0408,P0408,590,88,Delhi,25-04-2025
I0409,P0409,498,47,Indore,06-08-2025
I0410,P0410,139,78,Mumbai,19-04-2025
I0411,P0411,533,70,Indore,11-06-2025
I0412,P0412,554,115,Delhi,23-04-2025
I0413,P0413,587,120,Pune,05-08-2025
I0414,P0414,277,93,Bhopal,09-05-2025
I0415,P0415,625,105,Indore,04-09-2025
I0416,P0416,797,114,Pune,04-09-2025
I0417,P0417,791,120,Indore,31-07-2025
I0418,P0418,271,48,Bhopal,21-06-2025
I0419,P0419,31,27,Pune,26-08-2025
I0420,P0420,10,76,Indore,26-08-2025
I0421,P0421,115,76,Pune,22-01-2025
I0422,P0422,232,20,Delhi,09-01-2025
I0423,P0423,99,83,Delhi,11-07-2025
I0424,P0424,73,44,Bhopal,07-06-2025
I0425,P0425,704,35,Bhopal,30-08-2025
I0426,P0426,215,117,Indore,14-07-2025
I0427,P0427,598,57,Mumbai,14-05-2025
I0428,P0428,378,22,Indore,02-01-2025
I0429,P0429,253,22,Mumbai,31-01-2025
I0430,P0430,198,51,Mumbai,05-02-2025
I0431,P0431,108,62,Delhi,13-01-2025
I0432,P0432,37,29,Delhi,13-01-2025
I0433,P0433,109,102,Mumbai,23-02-2025
I0434,P0434,783,73,Indore,27-05-2025
I0435,P0435,122,119,Mumbai,10-08-2025
I0436,P0436,673,106,Delhi,13-08-2025
I0437,P0437,245,20,Mumbai,22-07-2025
I0438,P0438,404,109,Delhi,01-07-2025
I0439,P0439,769,53,Indore,15-08-2025
I0440,P0440,434,83,Indore,14-04-2025
I0441,P0441,742,26,Delhi,05-02-2025
I0442,P0442,674,36,Indore,20-08-2025
I0443,P0443,743,100,Delhi,27-05-2025
I0444,P0444,714,82,Pune,27-02-2025
I0445,P0445,800,95,Indore,03-01-2025
I0446,P0446,78,51,Indore,21-04-2025
I0447,P0447,678,25,Indore,21-04-2025
I0448,P0448,735,51,Pune,25-07-2025
I0449,P0449,315,78,Bhopal,07-08-2025
I0450,P0450,294,43,Mumbai,23-08-2025
I0451,P0451,741,119,Delhi,29-06-2025
I0452,P0452,738,99,Bhopal,12-01-2025
I0453,P0453,404,104,Delhi,03-06-2025
I0454,P0454,557,104,Mumbai,13-03-2025
I0455,P0455,105,88,Mumbai,20-06-2025
I0456,P0456,722,94,Indore,27-01-2025
I0457,P0457,212,26,Bhopal,25-01-2025
I0458,P0458,381,84,Bhopal,28-03-2025
I0459,P0459,324,25,Delhi,28-03-2025
I0460,P0460,389,113,Delhi,02-08-2025
I0461,P0461,342,62,Delhi,07-03-2025
I0462,P0462,334,62,Bhopal,31-03-2025
I0463,P0463,459,116,Delhi,01-05-2025
I0464,P0464,744,34,Mumbai,07-08-2025
I0465,P0465,324,78,Indore,05-01-2025
I0466,P0466,364,65,Bhopal,22-08-2025
I0467,P0467,55,65,Mumbai,22-07-2025
I0468,P0468,364,24,Pune,01-02-2025
I0469,P0469,68,107,Mumbai,29-07-2025
I0470,P0470,718,55,Bhopal,18-08-2025
I0471,P0471,422,120,Bhopal,23-01-2025
I0472,P0472,399,77,Delhi,30-07-2025
I0473,P0473,203,84,Mumbai,12-04-2025
I0474,P0474,749,103,Indore,18-04-2025
I0475,P0475,339,90,Bhopal,03-05-2025
I0476,P0476,451,56,Pune,10-06-2025
I0477,P0477,73,29,Indore,18-04-2025
I0478,P0478,131,29,Delhi,07-02-2025
I0479,P0479,35,24,Pune,07-02-2025
I0480,P0480,707,60,Pune,29-01-2025
I0481,P0481,350,111,Pune,24-01-2025
I0482,P0482,336,100,Pune,28-05-2025
I0483,P0483,634,47,Pune,28-05-2025
I0484,P0484,250,74,Bhopal,29-05-2025
I0485,P0485,425,34,Mumbai,12-06-2025
I0486,P0486,44,86,Indore,13-01-2025
I0487,P0487,336,94,Indore,25-02-2025
I0488,P0488,700,33,Bhopal,17-07-2025
I0489,P0489,146,36,Delhi,17-07-2025
I0490,P0490,629,93,Mumbai,17-07-2025
I0491,P0491,286,92,Bhopal,16-05-2025
I0492,P0492,447,80,Pune,16-05-2025
I0493,P0493,260,80,Pune,29-05-2025
I0494,P0494,215,82,Bhopal,13-02-2025
I0495,P0495,614,81,Pune,14-06-2025
I0496,P0496,100,68,Indore,21-03-2025
I0497,P0497,569,70,Bhopal,18-01-2025
I0498,P0498,353,66,Indore,04-01-2025
I0499,P0499,64,81,Bhopal,08-04-2025
I0500,P0500,738,38,Indore,16-04-2025
I0501,P0501,80,77,Delhi,26-03-2025
I0502,P0502,708,47,Pune,28-05-2025
I0503,P0503,196,110,Bhopal,09-04-2025
I0504,P0504,319,96,Bhopal,20-03-2025
I0505,P0505,361,29,Mumbai,21-08-2025
I0506,P0506,179,110,Delhi,24-02-2025
I0507,P0507,597,54,Indore,05-05-2025
I0508,P0508,240,73,Delhi,10-08-2025
I0509,P0509,57,94,Mumbai,29-01-2025
I0510,P0510,638,79,Mumbai,02-06-2025
I0511,P0511,16,73,Pune,24-03-2025
I0512,P0512,359,60,Mumbai,19-07-2025
I0513,P0513,430,85,Pune,19-07-2025
I0514,P0514,615,62,Delhi,02-09-2025
I0515,P0515,673,29,Bhopal,11-01-2025
I0516,P0516,48,64,Indore,27-03-2025
I0517,P0517,800,111,Pune,20-03-2025
I0518,P0518,435,54,Mumbai,23-06-2025
I0519,P0519,766,86,Delhi,10-05-2025
I0520,P0520,783,50,Indore,19-03-2025
I0521,P0521,83,88,Indore,22-03-2025
I0522,P0522,546,49,Indore,01-04-2025
I0523,P0523,726,39,Indore,02-03-2025
I0524,P0524,506,85,Indore,21-02-2025
I0525,P0525,321,94,Bhopal,12-05-2025
I0526,P0526,777,116,Indore,28-03-2025
I0527,P0527,678,27,Bhopal,06-01-2025
I0528,P0528,83,99,Pune,06-01-2025
I0529,P0529,77,85,Delhi,15-01-2025
I0530,P0530,178,30,Bhopal,22-02-2025
I0531,P0531,292,30,Mumbai,20-08-2025
I0532,P0532,35,73,Delhi,09-01-2025
I0533,P0533,273,106,Mumbai,09-04-2025
I0534,P0534,152,59,Bhopal,05-01-2025
I0535,P0535,717,95,Mumbai,02-08-2025
I0536,P0536,688,25,Indore,21-06-2025
I0537,P0537,228,29,Mumbai,22-07-2025
I0538,P0538,440,104,Mumbai,09-06-2025
I0539,P0539,274,108,Mumbai,10-07-2025
I0540,P0540,748,75,Mumbai,03-07-2025
I0541,P0541,17,110,Indore,17-04-2025
I0542,P0542,590,42,Pune,10-05-2025
I0543,P0543,29,51,Mumbai,29-05-2025
I0544,P0544,653,86,Indore,27-07-2025
I0545,P0545,533,114,Bhopal,28-06-2025
I0546,P0546,641,37,Bhopal,25-02-2025
I0547,P0547,492,92,Mumbai,30-04-2025
I0548,P0548,254,43,Bhopal,13-02-2025
I0549,P0549,190,112,Indore,27-03-2025
I0550,P0550,619,50,Mumbai,11-06-2025
I0551,P0551,718,102,Delhi,24-03-2025
I0552,P0552,253,41,Bhopal,25-05-2025
I0553,P0553,510,34,Pune,29-06-2025
I0554,P0554,487,106,Indore,28-08-2025
I0555,P0555,56,93,Mumbai,21-03-2025
I0556,P0556,609,112,Indore,25-02-2025
I0557,P0557,184,91,Delhi,05-07-2025
I0558,P0558,664,101,Indore,23-03-2025
I0559,P0559,408,28,Bhopal,22-03-2025
I0560,P0560,366,28,Bhopal,23-07-2025
I0561,P0561,664,28,Indore,05-02-2025
I0562,P0562,229,68,Delhi,03-03-2025
I0563,P0563,20,95,Delhi,18-05-2025
I0564,P0564,248,26,Bhopal,18-07-2025
I0565,P0565,720,26,Bhopal,05-05-2025
I0566,P0566,713,59,Delhi,19-03-2025
I0567,P0567,172,56,Bhopal,24-05-2025
I0568,P0568,116,99,Pune,14-04-2025
I0569,P0569,33,35,Mumbai,29-01-2025
I0570,P0570,596,35,Bhopal,20-04-2025
I0571,P0571,675,57,Pune,24-08-2025
I0572,P0572,738,105,Pune,28-03-2025
I0573,P0573,516,112,Delhi,09-07-2025
I0574,P0574,412,102,Indore,22-03-2025
I0575,P0575,272,99,Mumbai,07-04-2025
I0576,P0576,227,106,Indore,01-03-2025
I0577,P0577,646,94,Pune,21-04-2025
I0578,P0578,286,94,Delhi,29-07-2025
I0579,P0579,679,63,Mumbai,28-02-2025
I0580,P0580,789,23,Bhopal,07-09-2025
I0581,P0581,140,36,Mumbai,02-04-2025
I0582,P0582,32,105,Pune,30-06-2025
I0583,P0583,495,101,Mumbai,26-02-2025
I0584,P0584,84,108,Pune,08-03-2025
I0585,P0585,309,91,Indore,18-08-2025
I0586,P0586,311,53,Pune,12-03-2025
I0587,P0587,139,60,Mumbai,15-02-2025
I0588,P0588,670,72,Indore,13-02-2025
I0589,P0589,537,48,Pune,02-09-2025
I0590,P0590,27,21,Delhi,24-04-2025
I0591,P0591,697,59,Indore,28-06-2025
I0592,P0592,264,89,Pune,28-06-2025
I0593,P0593,43,21,Pune,13-02-2025
I0594,P0594,270,106,Delhi,05-07-2025
I0595,P0595,345,25,Pune,16-03-2025
I0596,P0596,503,25,Bhopal,11-02-2025
I0597,P0597,601,51,Delhi,30-06-2025
I0598,P0598,93,75,Bhopal,25-03-2025
I0599,P0599,404,117,Delhi,19-07-2025
I0600,P0600,19,74,Delhi,21-07-2025
I0601,P0601,601,41,Delhi,24-03-2025
I0602,P0602,571,64,Bhopal,04-02-2025
I0603,P0603,648,43,Bhopal,01-08-2025
I0604,P0604,10,24,Pune,15-05-2025
I0605,P0605,90,59,Indore,15-05-2025
I0606,P0606,280,65,Mumbai,15-03-2025
I0607,P0607,63,105,Delhi,01-06-2025
I0608,P0608,122,67,Delhi,20-05-2025
I0609,P0609,531,38,Indore,10-06-2025
I0610,P0610,516,105,Indore,11-02-2025
I0611,P0611,606,24,Indore,17-07-2025
I0612,P0612,411,71,Delhi,22-07-2025
I0613,P0613,563,93,Indore,12-05-2025
I0614,P0614,356,99,Pune,23-02-2025
I0615,P0615,196,93,Indore,18-04-2025
I0616,P0616,474,65,Mumbai,18-04-2025
I0617,P0617,432,59,Bhopal,22-08-2025
I0618,P0618,92,57,Bhopal,22-08-2025
I0619,P0619,87,60,Indore,03-06-2025
I0620,P0620,356,99,Bhopal,03-09-2025
I0621,P0621,219,120,Bhopal,20-05-2025
I0622,P0622,381,23,Indore,21-05-2025
I0623,P0623,509,23,Bhopal,15-02-2025
I0624,P0624,487,29,Pune,15-07-2025
I0625,P0625,285,42,Bhopal,17-04-2025
I0626,P0626,685,48,Mumbai,02-03-2025
I0627,P0627,149,88,Delhi,04-05-2025
I0628,P0628,655,57,Bhopal,27-02-2025
I0629,P0629,684,38,Indore,17-05-2025
I0630,P0630,524,76,Delhi,26-06-2025
I0631,P0631,160,71,Pune,30-05-2025
I0632,P0632,203,80,Pune,30-08-2025
I0633,P0633,737,80,Indore,14-07-2025
I0634,P0634,704,54,Mumbai,30-07-2025
I0635,P0635,347,115,Bhopal,13-06-2025
I0636,P0636,219,112,Pune,04-01-2025
I0637,P0637,795,20,Bhopal,18-04-2025
I0638,P0638,226,96,Delhi,09-04-2025
I0639,P0639,486,104,Delhi,06-04-2025
I0640,P0640,558,91,Pune,30-07-2025
I0641,P0641,538,65,Delhi,06-07-2025
I0642,P0642,479,71,Indore,06-03-2025
I0643,P0643,615,33,Bhopal,02-02-2025
I0644,P0644,515,33,Indore,06-09-2025
I0645,P0645,796,73,Bhopal,23-08-2025
I0646,P0646,666,43,Bhopal,28-08-2025
I0647,P0647,437,109,Mumbai,17-02-2025
I0648,P0648,389,77,Indore,02-08-2025
I0649,P0649,85,72,Indore,19-05-2025
I0650,P0650,148,24,Indore,30-01-2025
I0651,P0651,114,26,Delhi,05-04-2025
I0652,P0652,640,103,Delhi,21-01-2025
I0653,P0653,471,111,Indore,19-03-2025
I0654,P0654,692,47,Indore,07-05-2025
I0655,P0655,767,55,Delhi,07-02-2025
I0656,P0656,54,71,Delhi,20-08-2025
I0657,P0657,19,21,Mumbai,03-04-2025
I0658,P0658,654,30,Delhi,08-04-2025
I0659,P0659,407,30,Delhi,15-02-2025
I0660,P0660,363,106,Mumbai,14-05-2025
I0661,P0661,704,37,Bhopal,10-07-2025
I0662,P0662,588,55,Mumbai,19-08-2025
I0663,P0663,56,118,Delhi,16-07-2025
I0664,P0664,96,20,Bhopal,09-05-2025
I0665,P0665,645,73,Delhi,10-04-2025
I0666,P0666,341,79,Bhopal,10-04-2025
I0667,P0667,149,98,Indore,06-03-2025
I0668,P0668,415,38,Mumbai,13-02-2025
I0669,P0669,385,66,Bhopal,10-06-2025
I0670,P0670,547,66,Delhi,08-04-2025
I0671,P0671,66,84,Bhopal,23-05-2025
I0672,P0672,437,47,Mumbai,27-01-2025
I0673,P0673,600,78,Pune,21-05-2025
I0674,P0674,90,24,Indore,03-06-2025
I0675,P0675,786,50,Mumbai,21-05-2025
I0676,P0676,236,43,Mumbai,29-08-2025
I0677,P0677,160,92,Delhi,17-07-2025
I0678,P0678,626,36,Bhopal,13-05-2025
I0679,P0679,420,36,Indore,17-05-2025
I0680,P0680,530,78,Indore,12-08-2025
I0681,P0681,481,100,Indore,22-07-2025
I0682,P0682,725,100,Delhi,23-01-2025
I0683,P0683,167,112,Delhi,22-03-2025
I0684,P0684,400,84,Indore,23-04-2025
I0685,P0685,77,34,Pune,09-04-2025
I0686,P0686,727,57,Delhi,04-06-2025
I0687,P0687,515,50,Mumbai,11-07-2025
I0688,P0688,186,84,Delhi,07-02-2025
I0689,P0689,725,96,Bhopal,04-01-2025
I0690,P0690,437,73,Bhopal,08-06-2025
I0691,P0691,666,53,Mumbai,11-08-2025
I0692,P0692,427,88,Pune,01-04-2025
I0693,P0693,207,41,Pune,08-07-2025
I0694,P0694,651,77,Mumbai,08-07-2025
I0695,P0695,516,68,Mumbai,08-07-2025
I0696,P0696,468,41,Delhi,12-02-2025
I0697,P0697,247,33,Indore,26-05-2025
I0698,P0698,102,74,Pune,06-05-2025
I0699,P0699,475,42,Mumbai,28-08-2025
I0700,P0700,764,84,Bhopal,28-08-2025
I0701,P0701,200,46,Delhi,20-02-2025
I0702,P0702,342,80,Bhopal,06-01-2025
I0703,P0703,130,34,Indore,11-07-2025
I0704,P0704,445,110,Mumbai,17-03-2025
I0705,P0705,406,81,Mumbai,29-07-2025
I0706,P0706,323,108,Bhopal,17-08-2025
I0707,P0707,221,94,Pune,27-04-2025
I0708,P0708,690,108,Delhi,20-01-2025
I0709,P0709,503,100,Bhopal,17-06-2025
I0710,P0710,320,104,Indore,10-01-2025
I0711,P0711,661,78,Mumbai,13-06-2025
I0712,P0712,631,68,Pune,16-08-2025
I0713,P0713,278,56,Indore,11-01-2025
I0714,P0714,143,81,Indore,11-06-2025
I0715,P0715,24,72,Delhi,26-01-2025
I0716,P0716,345,57,Indore,05-07-2025
I0717,P0717,742,58,Delhi,10-01-2025
I0718,P0718,484,20,Pune,10-01-2025
I0719,P0719,59,88,Mumbai,10-01-2025
I0720,P0720,20,69,Delhi,09-02-2025
I0721,P0721,586,77,Pune,04-09-2025
I0722,P0722,450,120,Bhopal,15-07-2025
I0723,P0723,473,40,Mumbai,02-08-2025
I0724,P0724,534,119,Mumbai,22-07-2025
I0725,P0725,745,45,Bhopal,04-04-2025
I0726,P0726,675,32,Pune,31-07-2025
I0727,P0727,638,105,Bhopal,12-01-2025
I0728,P0728,410,117,Mumbai,18-07-2025
I0729,P0729,490,33,Pune,19-07-2025
I0730,P0730,566,42,Mumbai,05-02-2025
I0731,P0731,508,84,Pune,05-02-2025
I0732,P0732,324,22,Bhopal,02-06-2025
I0733,P0733,506,94,Delhi,24-05-2025
I0734,P0734,468,69,Indore,24-05-2025
I0735,P0735,177,118,Indore,05-06-2025
I0736,P0736,696,75,Indore,10-07-2025
I0737,P0737,380,57,Mumbai,12-03-2025
I0738,P0738,580,43,Pune,07-07-2025
I0739,P0739,687,37,Bhopal,16-07-2025
I0740,P0740,691,42,Mumbai,08-02-2025
I0741,P0741,602,54,Pune,16-07-2025
I0742,P0742,413,53,Delhi,14-03-2025
I0743,P0743,776,42,Bhopal,31-01-2025
I0744,P0744,33,81,Mumbai,22-03-2025
I0745,P0745,768,86,Delhi,23-05-2025
I0746,P0746,340,50,Delhi,19-03-2025
I0747,P0747,319,74,Mumbai,15-02-2025
I0748,P0748,227,107,Delhi,16-04-2025
I0749,P0749,782,51,Delhi,14-02-2025
I0750,P0750,679,56,Bhopal,02-07-2025
I0751,P0751,283,93,Pune,04-03-2025
I0752,P0752,186,47,Pune,09-06-2025
I0753,P0753,646,61,Bhopal,24-02-2025
I0754,P0754,476,69,Indore,02-03-2025
I0755,P0755,595,25,Bhopal,23-01-2025
I0756,P0756,434,34,Delhi,01-05-2025
I0757,P0757,483,48,Delhi,25-03-2025
I0758,P0758,363,82,Bhopal,10-01-2025
I0759,P0759,400,74,Indore,12-07-2025
I0760,P0760,517,118,Mumbai,14-02-2025
I0761,P0761,607,81,Pune,09-05-2025
I0762,P0762,51,72,Indore,30-04-2025
I0763,P0763,251,41,Pune,26-07-2025
I0764,P0764,503,40,Delhi,01-09-2025
I0765,P0765,518,42,Delhi,01-05-2025
I0766,P0766,606,88,Delhi,27-06-2025
I0767,P0767,739,76,Bhopal,17-01-2025
I0768,P0768,20,51,Bhopal,17-01-2025
I0769,P0769,42,26,Delhi,19-02-2025
I0770,P0770,556,43,Bhopal,04-03-2025
I0771,P0771,678,112,Indore,25-04-2025
I0772,P0772,71,112,Delhi,14-05-2025
I0773,P0773,225,120,Delhi,31-03-2025
I0774,P0774,181,73,Delhi,28-07-2025
I0775,P0775,625,86,Indore,09-05-2025
I0776,P0776,545,20,Pune,10-07-2025
I0777,P0777,477,104,Indore,27-02-2025
I0778,P0778,369,87,Indore,27-05-2025
I0779,P0779,265,73,Delhi,20-04-2025
I0780,P0780,78,105,Mumbai,07-03-2025
I0781,P0781,582,117,Bhopal,06-08-2025
I0782,P0782,594,117,Bhopal,29-07-2025
I0783,P0783,288,33,Bhopal,07-01-2025
I0784,P0784,589,119,Mumbai,03-05-2025
I0785,P0785,745,34,Bhopal,27-02-2025
I0786,P0786,518,91,Mumbai,05-05-2025
I0787,P0787,541,94,Bhopal,31-03-2025
I0788,P0788,141,54,Delhi,01-05-2025
I0789,P0789,687,109,Indore,23-01-2025
I0790,P0790,794,70,Bhopal,26-06-2025
I0791,P0791,745,110,Delhi,25-06-2025
I0792,P0792,271,115,Pune,08-02-2025
I0793,P0793,191,40,Indore,04-08-2025
I0794,P0794,389,40,Indore,14-02-2025
I0795,P0795,243,88,Indore,01-04-2025
I0796,P0796,254,79,Delhi,02-05-2025
I0797,P0797,320,67,Bhopal,30-03-2025
I0798,P0798,128,85,Indore,03-07-2025
I0799,P0799,377,85,Delhi,28-07-2025
I0800,P0800,734,66,Delhi,10-03-2025
I0801,P0801,405,68,Bhopal,01-09-2025
I0802,P0802,95,93,Mumbai,14-07-2025
I0803,P0803,377,90,Mumbai,21-04-2025
I0804,P0804,269,82,Mumbai,21-04-2025
I0805,P0805,338,42,Delhi,06-05-2025
I0806,P0806,585,48,Delhi,24-06-2025
I0807,P0807,186,42,Indore,25-02-2025
I0808,P0808,516,98,Indore,14-01-2025
I0809,P0809,323,61,Indore,05-03-2025
I0810,P0810,464,85,Mumbai,02-04-2025
I0811,P0811,316,106,Delhi,18-07-2025
I0812,P0812,531,27,Mumbai,02-07-2025
I0813,P0813,676,109,Delhi,11-08-2025
I0814,P0814,208,102,Indore,10-02-2025
I0815,P0815,589,85,Delhi,21-03-2025
I0816,P0816,67,32,Mumbai,04-07-2025
I0817,P0817,710,36,Delhi,01-08-2025
I0818,P0818,714,70,Mumbai,30-04-2025
I0819,P0819,474,39,Pune,29-01-2025
I0820,P0820,702,86,Pune,15-01-2025
I0821,P0821,566,118,Pune,05-06-2025
I0822,P0822,578,57,Indore,15-03-2025
I0823,P0823,443,67,Pune,18-06-2025
I0824,P0824,447,41,Indore,12-06-2025
I0825,P0825,408,93,Pune,06-07-2025
I0826,P0826,715,114,Pune,10-02-2025
I0827,P0827,253,114,Pune,14-08-2025
I0828,P0828,539,75,Delhi,29-05-2025
I0829,P0829,428,95,Indore,25-02-2025
I0830,P0830,22,53,Indore,16-07-2025
I0831,P0831,333,88,Bhopal,26-02-2025
I0832,P0832,684,94,Delhi,19-05-2025
I0833,P0833,141,119,Mumbai,14-08-2025
I0834,P0834,280,119,Delhi,25-03-2025
I0835,P0835,744,114,Delhi,28-06-2025
I0836,P0836,644,82,Pune,20-03-2025
I0837,P0837,194,79,Mumbai,26-08-2025
I0838,P0838,713,50,Mumbai,19-01-2025
I0839,P0839,263,32,Indore,15-02-2025
I0840,P0840,387,33,Delhi,21-04-2025
I0841,P0841,526,63,Pune,11-03-2025
I0842,P0842,712,42,Indore,15-04-2025
I0843,P0843,549,57,Mumbai,15-03-2025
I0844,P0844,531,116,Pune,03-06-2025
I0845,P0845,256,37,Mumbai,14-06-2025
I0846,P0846,178,85,Bhopal,24-06-2025
I0847,P0847,529,107,Pune,22-02-2025
I0848,P0848,277,115,Pune,30-08-2025
I0849,P0849,348,115,Indore,22-07-2025
I0850,P0850,89,70,Bhopal,10-06-2025
I0851,P0851,362,75,Pune,30-04-2025
I0852,P0852,159,37,Indore,06-05-2025
I0853,P0853,665,53,Indore,17-05-2025
I0854,P0854,72,34,Bhopal,30-05-2025
I0855,P0855,151,89,Pune,17-08-2025
I0856,P0856,465,89,Delhi,17-08-2025
I0857,P0857,669,89,Mumbai,21-02-2025
I0858,P0858,298,56,Mumbai,02-01-2025
I0859,P0859,247,70,Indore,13-01-2025
I0860,P0860,339,110,Delhi,16-07-2025
I0861,P0861,130,41,Bhopal,13-04-2025
I0862,P0862,82,115,Mumbai,23-01-2025
I0863,P0863,472,100,Delhi,26-04-2025
I0864,P0864,122,80,Delhi,23-02-2025
I0865,P0865,538,91,Mumbai,11-01-2025
I0866,P0866,414,61,Mumbai,03-09-2025
I0867,P0867,65,48,Indore,17-04-2025
I0868,P0868,574,37,Pune,01-06-2025
I0869,P0869,569,111,Mumbai,30-05-2025
I0870,P0870,532,116,Pune,18-04-2025
I0871,P0871,289,30,Delhi,12-07-2025
I0872,P0872,642,43,Bhopal,21-04-2025
I0873,P0873,443,79,Mumbai,24-04-2025
I0874,P0874,146,51,Mumbai,23-03-2025
I0875,P0875,104,48,Indore,12-08-2025
I0876,P0876,786,76,Bhopal,15-01-2025
I0877,P0877,570,80,Bhopal,23-01-2025
I0878,P0878,399,49,Mumbai,31-05-2025
I0879,P0879,179,100,Mumbai,17-01-2025
I0880,P0880,760,71,Delhi,17-01-2025
I0881,P0881,788,38,Mumbai,10-04-2025
I0882,P0882,11,105,Mumbai,29-05-2025
I0883,P0883,316,89,Pune,11-04-2025
I0884,P0884,102,94,Indore,05-02-2025
I0885,P0885,494,25,Mumbai,04-07-2025
I0886,P0886,743,119,Pune,28-03-2025
I0887,P0887,114,65,Bhopal,28-03-2025
I0888,P0888,567,30,Pune,03-02-2025
I0889,P0889,572,39,Pune,06-06-2025
I0890,P0890,73,50,Bhopal,14-02-2025
I0891,P0891,730,23,Mumbai,17-07-2025
I0892,P0892,420,76,Mumbai,14-07-2025
I0893,P0893,602,34,Pune,28-07-2025
I0894,P0894,76,94,Bhopal,07-05-2025
I0895,P0895,629,94,Mumbai,25-05-2025
I0896,P0896,217,76,Delhi,22-04-2025
I0897,P0897,606,96,Bhopal,11-01-2025
I0898,P0898,662,76,Bhopal,09-01-2025
I0899,P0899,259,83,Mumbai,31-05-2025
I0900,P0900,702,115,Bhopal,12-04-2025
I0901,P0901,695,49,Delhi,27-07-2025
I0902,P0902,764,40,Bhopal,29-08-2025
I0903,P0903,329,79,Bhopal,24-08-2025
I0904,P0904,155,92,Mumbai,14-08-2025
I0905,P0905,322,70,Delhi,17-01-2025
I0906,P0906,594,36,Bhopal,05-07-2025
I0907,P0907,709,25,Indore,05-02-2025
I0908,P0908,375,60,Pune,11-06-2025
I0909,P0909,407,31,Delhi,26-08-2025
I0910,P0910,421,44,Bhopal,25-06-2025
I0911,P0911,186,95,Bhopal,25-06-2025
I0912,P0912,21,70,Indore,21-02-2025
I0913,P0913,620,22,Pune,13-08-2025
I0914,P0914,221,101,Bhopal,02-06-2025
I0915,P0915,272,38,Delhi,28-04-2025
I0916,P0916,687,66,Bhopal,03-02-2025
I0917,P0917,358,84,Bhopal,27-01-2025
I0918,P0918,116,109,Pune,25-05-2025
I0919,P0919,606,52,Bhopal,25-02-2025
I0920,P0920,235,76,Delhi,18-08-2025
I0921,P0921,414,35,Indore,30-08-2025
I0922,P0922,530,104,Bhopal,01-06-2025
I0923,P0923,44,36,Mumbai,29-01-2025
I0924,P0924,336,21,Bhopal,30-04-2025
I0925,P0925,376,31,Delhi,22-03-2025
I0926,P0926,383,20,Mumbai,30-06-2025
I0927,P0927,673,106,Mumbai,18-05-2025
I0928,P0928,794,47,Pune,22-05-2025
I0929,P0929,723,71,Delhi,08-04-2025
I0930,P0930,669,72,Delhi,10-02-2025
I0931,P0931,796,72,Delhi,22-05-2025
I0932,P0932,730,25,Indore,22-05-2025
I0933,P0933,722,46,Bhopal,29-07-2025
I0934,P0934,694,59,Bhopal,17-07-2025
I0935,P0935,104,96,Pune,17-07-2025
I0936,P0936,13,81,Indore,04-03-2025
I0937,P0937,393,107,Delhi,29-08-2025
I0938,P0938,535,99,Bhopal,13-03-2025
I0939,P0939,457,104,Pune,22-02-2025
I0940,P0940,385,65,Delhi,14-03-2025
I0941,P0941,81,98,Delhi,10-01-2025
I0942,P0942,709,100,Bhopal,10-01-2025
I0943,P0943,503,63,Mumbai,06-08-2025
I0944,P0944,158,71,Pune,25-04-2025
I0945,P0945,591,98,Bhopal,06-09-2025
I0946,P0946,38,74,Pune,12-06-2025
I0947,P0947,348,100,Indore,08-04-2025
I0948,P0948,274,53,Mumbai,09-05-2025
I0949,P0949,735,89,Mumbai,29-01-2025
I0950,P0950,210,38,Bhopal,06-07-2025
I0951,P0951,680,61,Pune,10-06-2025
I0952,P0952,297,86,Delhi,09-04-2025
I0953,P0953,180,47,Indore,14-01-2025
I0954,P0954,158,95,Delhi,02-08-2025
I0955,P0955,138,45,Mumbai,20-08-2025
I0956,P0956,166,65,Indore,12-07-2025
I0957,P0957,621,30,Pune,27-08-2025
I0958,P0958,683,110,Pune,12-04-2025
I0959,P0959,775,66,Bhopal,01-07-2025
I0960,P0960,793,43,Delhi,24-08-2025
I0961,P0961,124,45,Mumbai,05-08-2025
I0962,P0962,423,53,Pune,05-08-2025
I0963,P0963,596,113,Pune,26-03-2025
I0964,P0964,324,67,Bhopal,01-07-2025
I0965,P0965,347,113,Indore,06-05-2025
I0966,P0966,606,90,Delhi,19-05-2025
I0967,P0967,370,91,Pune,13-03-2025
I0968,P0968,321,107,Indore,19-06-2025
I0969,P0969,192,51,Delhi,13-04-2025
I0970,P0970,612,89,Mumbai,01-06-2025
I0971,P0971,773,41,Indore,29-06-2025
I0972,P0972,723,80,Delhi,27-04-2025
I0973,P0973,257,112,Mumbai,03-05-2025
I0974,P0974,232,33,Indore,15-07-2025
I0975,P0975,443,96,Delhi,21-02-2025
I0976,P0976,360,28,Pune,26-05-2025
I0977,P0977,461,60,Indore,26-05-2025
I0978,P0978,598,30,Pune,26-05-2025
I0979,P0979,408,62,Delhi,24-04-2025
I0980,P0980,642,71,Mumbai,21-04-2025
I0981,P0981,785,95,Delhi,18-01-2025
I0982,P0982,450,66,Mumbai,12-01-2025
I0983,P0983,658,66,Delhi,01-09-2025
I0984,P0984,614,87,Indore,05-04-2025
I0985,P0985,240,53,Delhi,19-08-2025
I0986,P0986,58,86,Delhi,09-06-2025
I0987,P0987,360,99,Pune,18-01-2025
I0988,P0988,33,69,Mumbai,15-08-2025
I0989,P0989,726,74,Delhi,15-08-2025
I0990,P0990,451,79,Delhi,03-09-2025
I0991,P0991,123,53,Pune,14-04-2025
I0992,P0992,684,105,Bhopal,01-07-2025
I0993,P0993,488,98,Indore,04-06-2025
I0994,P0994,131,103,Mumbai,28-04-2025
I0995,P0995,772,50,Bhopal,11-03-2025
I0996,P0996,592,58,Pune,13-04-2025
I0997,P0997,584,76,Mumbai,02-07-2025
I0998,P0998,593,29,Delhi,14-04-2025
I0999,P0999,375,28,Delhi,26-06-2025
I1000,P1000,93,109,Pune,20-06-2025
I1001,P1001,385,104,Mumbai,02-08-2025
I1002,P1002,622,62,Mumbai,18-07-2025
I1003,P1003,525,40,Delhi,26-07-2025
I1004,P1004,639,55,Mumbai,26-03-2025
I1005,P1005,197,108,Bhopal,06-01-2025
I1006,P1006,108,76,Bhopal,22-08-2025
I1007,P1007,28,102,Delhi,12-05-2025
I1008,P1008,714,76,Pune,02-08-2025
I1009,P1009,574,102,Mumbai,08-06-2025
I1010,P1010,168,113,Indore,07-04-2025
I1011,P1011,352,102,Indore,20-06-2025
I1012,P1012,204,55,Indore,25-03-2025
I1013,P1013,368,24,Delhi,23-02-2025
I1014,P1014,679,55,Delhi,04-02-2025
I1015,P1015,701,56,Indore,28-02-2025
I1016,P1016,768,66,Indore,03-09-2025
I1017,P1017,270,46,Delhi,30-06-2025
I1018,P1018,312,76,Pune,11-07-2025
I1019,P1019,363,117,Pune,09-01-2025
I1020,P1020,579,59,Bhopal,27-02-2025
I1021,P1021,91,61,Mumbai,05-07-2025
I1022,P1022,134,93,Bhopal,05-07-2025
I1023,P1023,430,109,Indore,08-08-2025
I1024,P1024,742,54,Bhopal,18-08-2025
I1025,P1025,358,58,Pune,23-06-2025
I1026,P1026,322,32,Mumbai,23-06-2025
I1027,P1027,378,87,Delhi,15-03-2025
I1028,P1028,523,63,Pune,07-09-2025
I1029,P1029,384,95,Mumbai,13-07-2025
I1030,P1030,768,28,Bhopal,07-07-2025
I1031,P1031,582,95,Mumbai,31-05-2025
I1032,P1032,341,96,Mumbai,14-04-2025
I1033,P1033,603,98,Delhi,24-02-2025
I1034,P1034,273,76,Bhopal,09-01-2025
I1035,P1035,161,40,Mumbai,20-07-2025
I1036,P1036,528,51,Mumbai,21-01-2025
I1037,P1037,740,73,Delhi,01-04-2025
I1038,P1038,271,62,Pune,28-05-2025
I1039,P1039,540,82,Bhopal,23-01-2025
I1040,P1040,521,91,Mumbai,10-02-2025
I1041,P1041,714,36,Pune,16-08-2025
I1042,P1042,640,64,Indore,28-08-2025
I1043,P1043,713,114,Delhi,04-04-2025
I1044,P1044,547,49,Bhopal,12-03-2025
I1045,P1045,235,87,Indore,06-06-2025
I1046,P1046,385,46,Delhi,08-06-2025
I1047,P1047,496,99,Indore,22-06-2025
I1048,P1048,556,70,Delhi,10-02-2025
I1049,P1049,334,26,Indore,08-07-2025
I1050,P1050,65,36,Pune,26-08-2025
I1051,P1051,499,76,Delhi,27-03-2025
I1052,P1052,505,75,Indore,14-03-2025
I1053,P1053,694,59,Mumbai,06-05-2025
I1054,P1054,274,38,Delhi,05-07-2025
I1055,P1055,748,53,Indore,31-08-2025
I1056,P1056,41,113,Pune,13-03-2025
I1057,P1057,459,43,Indore,21-07-2025
I1058,P1058,700,116,Mumbai,05-01-2025
I1059,P1059,363,45,Indore,22-08-2025
I1060,P1060,251,75,Pune,26-05-2025
I1061,P1061,540,91,Mumbai,09-03-2025
I1062,P1062,172,59,Delhi,03-08-2025
I1063,P1063,119,36,Indore,03-08-2025
I1064,P1064,324,110,Delhi,17-06-2025
I1065,P1065,618,64,Delhi,12-02-2025
I1066,P1066,698,107,Pune,12-08-2025
I1067,P1067,375,29,Mumbai,09-05-2025
I1068,P1068,74,99,Mumbai,19-03-2025
I1069,P1069,623,49,Indore,14-04-2025
I1070,P1070,455,36,Indore,13-04-2025
I1071,P1071,493,58,Bhopal,26-08-2025
I1072,P1072,791,72,Bhopal,29-06-2025
I1073,P1073,44,30,Bhopal,19-05-2025
I1074,P1074,119,77,Pune,30-06-2025
I1075,P1075,563,51,Mumbai,20-07-2025
I1076,P1076,578,66,Mumbai,19-08-2025
I1077,P1077,15,70,Delhi,19-08-2025
I1078,P1078,738,33,Bhopal,30-08-2025
I1079,P1079,757,88,Mumbai,19-01-2025
I1080,P1080,395,88,Mumbai,09-06-2025
I1081,P1081,473,117,Pune,17-02-2025
I1082,P1082,598,93,Delhi,17-02-2025
I1083,P1083,218,85,Indore,12-08-2025
I1084,P1084,445,120,Delhi,12-08-2025
I1085,P1085,417,120,Pune,02-09-2025
I1086,P1086,396,53,Pune,16-04-2025
I1087,P1087,430,35,Pune,19-03-2025
I1088,P1088,145,117,Indore,09-05-2025
I1089,P1089,415,49,Pune,01-07-2025
I1090,P1090,344,113,Pune,14-07-2025
I1091,P1091,251,107,Mumbai,06-01-2025
I1092,P1092,607,57,Indore,07-01-2025
I1093,P1093,321,108,Delhi,18-07-2025
I1094,P1094,150,31,Indore,19-03-2025
I1095,P1095,773,72,Bhopal,02-06-2025
I1096,P1096,38,61,Mumbai,21-01-2025
I1097,P1097,158,60,Delhi,02-02-2025
I1098,P1098,305,25,Indore,29-06-2025
I1099,P1099,730,42,Bhopal,29-06-2025
I1100,P1100,277,55,Mumbai,08-01-2025
I1101,P1101,316,92,Delhi,08-01-2025
I1102,P1102,410,42,Indore,21-01-2025
I1103,P1103,69,75,Pune,20-04-2025
I1104,P1104,449,94,Pune,16-01-2025
I1105,P1105,170,26,Pune,07-01-2025
I1106,P1106,290,51,Mumbai,08-08-2025
I1107,P1107,517,51,Mumbai,24-07-2025
I1108,P1108,123,87,Mumbai,03-04-2025
I1109,P1109,772,21,Pune,13-05-2025
I1110,P1110,527,90,Bhopal,22-05-2025
I1111,P1111,32,66,Mumbai,19-06-2025
I1112,P1112,508,81,Indore,24-03-2025
I1113,P1113,675,64,Indore,26-04-2025
I1114,P1114,590,58,Mumbai,26-03-2025
I1115,P1115,538,82,Bhopal,06-05-2025
I1116,P1116,604,93,Bhopal,13-03-2025
I1117,P1117,370,64,Mumbai,11-04-2025
I1118,P1118,553,40,Bhopal,28-02-2025
I1119,P1119,169,24,Indore,16-01-2025
I1120,P1120,764,32,Delhi,05-03-2025
I1121,P1121,206,39,Bhopal,21-07-2025
I1122,P1122,188,43,Pune,03-04-2025
I1123,P1123,463,77,Delhi,09-06-2025
I1124,P1124,435,80,Delhi,04-01-2025
I1125,P1125,28,90,Pune,09-02-2025
I1126,P1126,676,106,Indore,23-08-2025
I1127,P1127,524,112,Bhopal,23-08-2025
I1128,P1128,527,112,Mumbai,27-01-2025
I1129,P1129,54,58,Pune,13-07-2025
I1130,P1130,13,110,Indore,05-06-2025
I1131,P1131,457,107,Mumbai,02-04-2025
I1132,P1132,729,106,Indore,23-04-2025
I1133,P1133,268,77,Indore,12-04-2025
I1134,P1134,265,110,Delhi,26-07-2025
I1135,P1135,211,79,Pune,08-05-2025
I1136,P1136,755,110,Pune,24-03-2025
I1137,P1137,298,97,Delhi,19-04-2025
I1138,P1138,522,97,Bhopal,09-06-2025
I1139,P1139,338,41,Pune,22-07-2025
I1140,P1140,719,44,Bhopal,01-04-2025
I1141,P1141,611,60,Delhi,12-03-2025
I1142,P1142,399,93,Pune,18-04-2025
I1143,P1143,33,88,Pune,26-07-2025
I1144,P1144,302,68,Indore,04-03-2025
I1145,P1145,605,107,Pune,04-03-2025
I1146,P1146,99,64,Pune,14-05-2025
I1147,P1147,686,66,Pune,28-02-2025
I1148,P1148,726,120,Indore,02-08-2025
I1149,P1149,464,67,Pune,09-05-2025
I1150,P1150,22,54,Bhopal,31-07-2025
I1151,P1151,644,69,Indore,18-08-2025
I1152,P1152,627,34,Mumbai,29-06-2025
I1153,P1153,314,57,Indore,11-06-2025
I1154,P1154,112,27,Mumbai,07-02-2025
I1155,P1155,359,83,Mumbai,05-09-2025
I1156,P1156,50,114,Pune,19-01-2025
I1157,P1157,662,61,Delhi,07-07-2025
I1158,P1158,67,101,Mumbai,13-01-2025
I1159,P1159,744,93,Indore,25-07-2025
I1160,P1160,569,49,Delhi,26-02-2025
I1161,P1161,760,70,Delhi,26-02-2025
I1162,P1162,140,50,Mumbai,21-01-2025
I1163,P1163,325,82,Delhi,10-03-2025
I1164,P1164,407,113,Pune,28-05-2025
I1165,P1165,475,85,Pune,05-05-2025
I1166,P1166,737,85,Pune,26-05-2025
I1167,P1167,17,46,Pune,18-06-2025
I1168,P1168,741,72,Delhi,11-01-2025
I1169,P1169,779,33,Pune,04-02-2025
I1170,P1170,295,111,Bhopal,13-04-2025
I1171,P1171,372,119,Mumbai,24-06-2025
I1172,P1172,559,38,Bhopal,24-06-2025
I1173,P1173,297,59,Mumbai,23-07-2025
I1174,P1174,222,32,Indore,19-06-2025
I1175,P1175,122,63,Mumbai,24-08-2025
I1176,P1176,257,105,Pune,19-03-2025
I1177,P1177,742,82,Indore,29-01-2025
I1178,P1178,368,69,Pune,15-01-2025
I1179,P1179,693,50,Pune,07-06-2025
I1180,P1180,784,63,Indore,25-04-2025
I1181,P1181,362,27,Indore,10-08-2025
I1182,P1182,480,55,Mumbai,15-05-2025
I1183,P1183,288,37,Pune,15-08-2025
I1184,P1184,250,105,Mumbai,19-06-2025
I1185,P1185,303,34,Delhi,01-07-2025
I1186,P1186,685,82,Delhi,04-03-2025
I1187,P1187,654,119,Indore,31-07-2025
I1188,P1188,587,90,Pune,21-05-2025
I1189,P1189,795,60,Mumbai,04-09-2025
I1190,P1190,554,88,Delhi,23-08-2025
I1191,P1191,379,95,Pune,12-08-2025
I1192,P1192,251,67,Pune,18-02-2025
I1193,P1193,54,70,Pune,01-06-2025
I1194,P1194,675,106,Indore,01-06-2025
I1195,P1195,617,59,Mumbai,27-01-2025
I1196,P1196,40,76,Indore,25-07-2025
I1197,P1197,369,103,Pune,24-06-2025
I1198,P1198,771,39,Indore,14-08-2025
I1199,P1199,166,106,Mumbai,06-03-2025
I1200,P1200,457,63,Bhopal,28-03-2025
